Transaction,Status,Txnauthid,TxnDateTime,Txntype,Txnstatus,Error_Type,Errorcode,Error_Msg,Responsecode,Response_Description
Account Sync,PASS,802215242333,2018-01-22 15:09:10.0,APSY,C,-,null,null,00,-
Balance Enquiry,PASS,802215242334,2018-01-22 15:09:14.0,APBE,C,-,null,null,00,-
Generate MMID,PASS,802215242335,2018-01-22 15:09:17.0,APIM,C,-,null,null,00,null
Cancel MMID All,PASS,802215242336,2018-01-22 15:09:18.0,APRC,C,-,null,null,00,null
Generate MMID,PASS,802215242337,2018-01-22 15:09:20.0,APIM,C,-,null,null,00,null
Cancel MMID Single,PASS,802215242338,2018-01-22 15:09:23.0,APRC,C,-,null,null,00,null
Cheque Status,PASS,802215242339,2018-01-22 15:09:24.0,APLW,C,-,null,null,00,-
Email ID Fetch,PASS,802215242340,2018-01-22 15:09:26.0,APZ6,C,-,null,null,00,null
Update Email ID,PASS,802215242341,2018-01-22 15:09:27.0,APZ3,C,-,null,null,00,null
Generate MMID,PASS,802215242342,2018-01-22 15:09:28.0,APIM,C,-,null,null,00,null
Mini Statement,PASS,802215242343,2018-01-22 15:09:30.0,APMS,C,-,null,null,00,-
Retrieve MMID,PASS,802215242344,2018-01-22 15:09:31.0,APS6,C,-,null,null,00,null
Stop Cheque,PASS,802215242345,2018-01-22 15:09:33.0,APL4,C,-,null,null,00,-
Transaction history,PASS,802215242346,2018-01-22 15:09:34.0,APTH,C,-,null,null,00,null
Stop Cheque,PASS,802215242347,2018-01-22 15:10:10.0,APL4,C,-,null,null,00,-
Account Sync,PASS,802215242348,2018-01-22 15:10:12.0,APSY,C,-,null,null,00,-
Account Sync,PASS,802217242350,2018-01-22 17:49:56.0,APSY,C,-,null,null,00,-
Balance Enquiry,PASS,802217242351,2018-01-22 17:50:01.0,APBE,C,-,null,null,00,-
Mini Statement,PASS,802217242352,2018-01-22 17:50:03.0,APMS,C,-,null,null,00,-
Transaction history,PASS,802217242353,2018-01-22 17:50:05.0,APTH,C,-,null,null,00,null
Generate MMID,PASS,802217242354,2018-01-22 17:50:43.0,APIM,C,-,null,null,00,null
Retrieve MMID,PASS,802217242355,2018-01-22 17:50:46.0,APS6,C,-,null,null,00,null
Cancel MMID All,PASS,802217242356,2018-01-22 17:50:47.0,APRC,C,-,null,null,00,null
Cancel MMID Single,FAIL,802217242357,2018-01-22 17:50:49.0,APRC,F,C,null,null,09,Kindly register for IMPS to proceed with the transaction
Account Sync,PASS,802218242372,2018-01-22 18:19:54.0,APSY,C,-,null,null,00,-
Balance Enquiry,PASS,802218242373,2018-01-22 18:19:58.0,APBE,C,-,null,null,00,-
Generate MMID,PASS,802218242374,2018-01-22 18:20:00.0,APIM,C,-,null,null,00,null
Cancel MMID All,PASS,802218242375,2018-01-22 18:20:01.0,APRC,C,-,null,null,00,null
Generate MMID,PASS,802218242376,2018-01-22 18:20:02.0,APIM,C,-,null,null,00,null
Cancel MMID Single,PASS,802218242377,2018-01-22 18:20:04.0,APRC,C,-,null,null,00,null
Cheque Status,PASS,802218242378,2018-01-22 18:20:05.0,APLW,C,-,null,null,00,-
Email ID Fetch,PASS,802218242379,2018-01-22 18:20:07.0,APZ6,C,-,null,null,00,null
Update Email ID,PASS,802218242380,2018-01-22 18:20:08.0,APZ3,C,-,null,null,00,null
Generate MMID,PASS,802218242381,2018-01-22 18:20:09.0,APIM,C,-,null,null,00,null
Mini Statement,PASS,802218242382,2018-01-22 18:20:11.0,APMS,C,-,null,null,00,-
Retrieve MMID,PASS,802218242383,2018-01-22 18:20:13.0,APS6,C,-,null,null,00,null
Stop Cheque,PASS,802218242384,2018-01-22 18:20:14.0,APL4,C,-,null,null,00,-
Transaction history,PASS,802218242385,2018-01-22 18:20:16.0,APTH,C,-,null,null,00,null
IMPS P2A Add Beneficiary,FAIL,802218242386,2018-01-22 18:20:54.0,APK2,F,C,null,null,09,You have already registered the nickname for another beneficiary
IMPS P2A Add Beneficiary confirmation,FAIL,802218242386,2018-01-22 18:20:54.0,APK2,F,C,null,null,09,You have already registered the nickname for another beneficiary
IMPS P2A Beneficiary Payment Confirmation,FAIL,802218242387,2018-01-22 18:20:56.0,APK5,F,T,null,null,09,Due to technical problem your last transaction was not processed. Please retry after some time
IMPS P2A Beneficiary Payment List enquiry,PASS,802218242388,2018-01-22 18:20:59.0,APK4,C,-,null,null,00,null
IMPS P2A Beneficiary Search List enquiry,PASS,802218242389,2018-01-22 18:21:01.0,APD9,C,-,null,null,00,null
IMPS P2A Delete Beneficiary Confirmation,FAIL,802218242390,2018-01-22 18:21:02.0,AP5L,F,C,null,null,09,Beneficiary test not found.
IMPS P2A Delete Beneficiary List enquiry,PASS,802218242391,2018-01-22 18:21:04.0,AP5L,C,-,null,null,00,null
IMPS P2A Instant,FAIL,802218242392,2018-01-22 18:21:06.0,APK1,F,-,null,null,09,NPCI host is down.Please try after some time
IMPS P2P Add Beneficiary,FAIL,802218242393,2018-01-22 18:21:12.0,APW1,F,C,null,null,09,Beneficiary already added. Please contact bank for further details
IMPS P2P Add Beneficiary confirmation,FAIL,802218242394,2018-01-22 18:21:13.0,APW2,F,C,null,null,09,Beneficiary already added. Please contact bank for further details
IMPS P2P Beneficiary Payment Confirmation,FAIL,802218242395,2018-01-22 18:21:14.0,APW4,F,T,null,null,09,Due to technical problem your last transaction was not processed. Please retry after some time
IMPS P2P Beneficiary Payment List enquiry,PASS,802218242396,2018-01-22 18:21:17.0,APW3,C,-,null,null,00,null
IMPS P2P Beneficiary Search List enquiry,PASS,802218242397,2018-01-22 18:21:18.0,APD9,C,-,null,null,00,null
IMPS P2P Delete Beneficiary Confirmation,FAIL,802218242398,2018-01-22 18:21:20.0,AP5L,F,C,null,null,09,Beneficiary test not found.
IMPS P2P Delete Beneficiary List enquiry,PASS,802218242399,2018-01-22 18:21:21.0,AP5L,C,-,null,null,00,null
IMPS P2P Instant,FAIL,802218242400,2018-01-22 18:21:23.0,APQI,F,-,null,null,09,NPCI host is down.Please try after some time
IMPS P2A Add Beneficiary,FAIL,802218242401,2018-01-22 18:21:27.0,APK2,F,C,null,null,09,You have already registered the nickname for another beneficiary
IMPS P2A Add Beneficiary confirmation,FAIL,802218242401,2018-01-22 18:21:27.0,APK2,F,C,null,null,09,You have already registered the nickname for another beneficiary
IMPS P2A Beneficiary Payment Confirmation,FAIL,802218242402,2018-01-22 18:21:29.0,APK5,F,T,null,null,09,Due to technical problem your last transaction was not processed. Please retry after some time
IMPS P2A Beneficiary Payment List enquiry,PASS,802218242403,2018-01-22 18:21:32.0,APK4,C,-,null,null,00,null
IMPS P2A Beneficiary Search List enquiry,PASS,802218242404,2018-01-22 18:21:33.0,APD9,C,-,null,null,00,null
IMPS P2A Delete Beneficiary Confirmation,FAIL,802218242405,2018-01-22 18:21:34.0,AP5L,F,C,null,null,09,Beneficiary test not found.
IMPS P2A Delete Beneficiary List enquiry,PASS,802218242406,2018-01-22 18:21:35.0,AP5L,C,-,null,null,00,null
IMPS P2U Instant,FAIL,802218242407,2018-01-22 18:21:37.0,AP1U,F,-,null,null,09,NPCI host is down.Please try after some time
Account Sync,FAIL,805010243251,2018-02-19 10:12:56.0,APSY,F,-,null,null,09,System is temporarily unavailable.Inconvenience is regretted
Balance Enquiry,FAIL,805010243252,2018-02-19 10:12:59.0,APBE,F,-,null,null,09,System is temporarily unavailable.Inconvenience is regretted
Generate MMID,PASS,805010243254,2018-02-19 10:13:04.0,APIM,C,-,null,null,00,null
Cancel MMID All,PASS,805010243255,2018-02-19 10:13:06.0,APRC,C,-,null,null,00,null
Generate MMID,PASS,805010243256,2018-02-19 10:13:08.0,APIM,C,-,null,null,00,null
Cancel MMID Single,PASS,805010243258,2018-02-19 10:13:14.0,APRC,C,-,null,null,00,null
Cheque Status,FAIL,805010243259,2018-02-19 10:13:16.0,APLW,F,-,null,null,09,System is temporarily unavailable.Inconvenience is regretted
Email ID Fetch,PASS,805010243260,2018-02-19 10:13:19.0,APZ6,C,-,null,null,00,null
Update Email ID,PASS,805010243261,2018-02-19 10:13:21.0,APZ3,C,-,null,null,00,null
Generate MMID,PASS,805010243263,2018-02-19 10:13:24.0,APIM,C,-,null,null,00,null
Mini Statement,FAIL,805010243264,2018-02-19 10:13:27.0,APMS,F,-,null,null,09,System is temporarily unavailable.Inconvenience is regretted
Retrieve MMID,PASS,805010243265,2018-02-19 10:13:29.0,APS6,C,-,null,null,00,null
Stop Cheque,FAIL,805010243266,2018-02-19 10:13:32.0,APL4,F,-,null,null,09,System is temporarily unavailable.Inconvenience is regretted
Transaction history,PASS,805010243267,2018-02-19 10:13:34.0,APTH,C,-,null,null,00,null
Account Sync,PASS,805010243273,2018-02-19 10:30:34.0,APSY,C,-,null,null,00,-
Balance Enquiry,PASS,805010243274,2018-02-19 10:30:41.0,APBE,C,-,null,null,00,-
Generate MMID,PASS,805010243275,2018-02-19 10:30:43.0,APIM,C,-,null,null,00,null
Cancel MMID All,PASS,805010243276,2018-02-19 10:30:45.0,APRC,C,-,null,null,00,null
Generate MMID,PASS,805010243277,2018-02-19 10:30:47.0,APIM,C,-,null,null,00,null
Cancel MMID Single,PASS,805010243278,2018-02-19 10:30:49.0,APRC,C,-,null,null,00,null
Cheque Status,PASS,805010243279,2018-02-19 10:30:51.0,APLW,C,-,null,null,00,-
Email ID Fetch,PASS,805010243280,2018-02-19 10:30:53.0,APZ6,C,-,null,null,00,null
Update Email ID,PASS,805010243281,2018-02-19 10:30:55.0,APZ3,C,-,null,null,00,null
Generate MMID,PASS,805010243282,2018-02-19 10:30:57.0,APIM,C,-,null,null,00,null
Mini Statement,PASS,805010243283,2018-02-19 10:30:58.0,APMS,C,-,null,null,00,-
Retrieve MMID,PASS,805010243284,2018-02-19 10:31:00.0,APS6,C,-,null,null,00,null
Stop Cheque,PASS,805010243285,2018-02-19 10:31:01.0,APL4,C,-,null,null,00,-
